{
  "type": "minecraft:multi_action",
  "title": "GLC Menü",
  "body": {
    "type": "minecraft:plain_message",
    "contents": "\n\n\n\n\n"
  },
  "can_close_with_escape": true,
  "pause": false,
  "after_action": "wait_for_response",
  "columns": 1,
  "actions": [
    {
      "label": {
        "player": {
          "properties": [
            {
              "name": "textures",
              "value": "eyJ0ZXh0dXJlcyI6eyJTS0lOIjp7InVybCI6Imh0dHA6Ly90ZXh0dXJlcy5taW5lY3JhZnQubmV0L3RleHR1cmUvNTNkM2UxZDE4YzAxNDEzMWM4MWQwMGMwNDAwM2E0N2RmNWY1YmMzODFmOGI0MWI0ZGE3YjQ4NGYyODcyY2MxMyJ9fX0="
            }
          ]
        },
        "object": "player",
        "type": "object",
        "extra": [
          " ",
          {
            "text": "Ana Menüyü Aç",
            "type": "text",
            "color": "white",
            "italic": false
          },
          " ",
          {
            "player": {
              "properties": [
                {
                  "name": "textures",
                  "value": "eyJ0ZXh0dXJlcyI6eyJTS0lOIjp7InVybCI6Imh0dHA6Ly90ZXh0dXJlcy5taW5lY3JhZnQubmV0L3RleHR1cmUvNTNkM2UxZDE4YzAxNDEzMWM4MWQwMGMwNDAwM2E0N2RmNWY1YmMzODFmOGI0MWI0ZGE3YjQ4NGYyODcyY2MxMyJ9fX0="
                }
              ]
            }
          }
        ]
      },
      "action": {
        "type": "minecraft:run_command",
        "command": "/trigger gulce_trigger set 1"
      }
    }
  ]
}