{
  "type": "minecraft:multi_action",
  "title": {
    "text": "🎮 Player Panel",
    "color": "aqua",
    "bold": true
  },
  "body": {
    "type": "minecraft:plain_message",
    "contents": "Kişisel ayarlar ve araçlar."
  },
  "actions": [
    {
      "label": "Toggle Fly",
      "action": {
        "type": "minecraft:show_dialog",
        "dialog": {
          "type": "minecraft:multi_action",
          "title": "",
          "inputs": [
            {
              "type": "minecraft:boolean",
              "key": "value",
              "label": "Uçma Modu",
              "initial": true,
              "on_true": "1",
              "on_false": "2"
            }
          ],
          "actions": [
            {
              "label": "Toggle",
              "action": {
                "type": "minecraft:dynamic/run_command",
                "template": "/trigger ap_fly set $(value)"
              }
            }
          ]
        }
      }
    },
    {
      "label": "Toggle Speed",
      "action": {
        "type": "minecraft:run_command",
        "command": "/function flins:actions/toggle_speed"
      }
    }
  ],
  "can_close_with_escape": true
}