{
  "type": "minecraft:multi_action",
  "title": {
    "text": "🛡️ Admin Panel",
    "color": "gold",
    "bold": true
  },
  "body": {
    "type": "minecraft:plain_message",
    "contents": "Admin araçları — dikkatli kullan."
  },
  "actions": [
    {
      "label": "Teleport Player",
      "action": {
        "type": "minecraft:show_dialog",
        "dialog": {
          "type": "minecraft:multi_action",
          "title": "Teleport",
          "inputs": [
            {
              "type": "minecraft:text",
              "key": "from",
              "label": "From",
              "initial": "@s"
            },
            {
              "type": "minecraft:text",
              "key": "to",
              "label": "To",
              "initial": "~ ~ ~"
            }
          ],
          "actions": [
            {
              "label": "Tele",
              "action": {
                "type": "minecraft:dynamic/run_command",
                "template": "/function flins:actions/teleport {\"from\":\"$(from)\",\"to\":\"$(to)\"}"
              }
            }
          ]
        }
      }
    },
    {
      "label": "Spawn Panda",
      "action": {
        "type": "minecraft:show_dialog",
        "dialog": {
          "type": "minecraft:multi_action",
          "title": "Spawn Panda",
          "inputs": [
            {
              "type": "minecraft:text",
              "key": "name",
              "label": "Name",
              "initial": "Çılgın Panda"
            }
          ],
          "actions": [
            {
              "label": "Spawn",
              "action": {
                "type": "minecraft:dynamic/run_command",
                "template": "/function flins:actions/spawn_panda {\"name\":\"$(name)\"}"
              }
            }
          ]
        }
      }
    },
    {
      "label": "OP Give / Take",
      "action": {
        "type": "minecraft:show_dialog",
        "dialog": {
          "type": "minecraft:multi_action",
          "title": "OP Give / Take",
          "inputs": [
            {
              "type": "minecraft:boolean",
              "key": "act",
              "label": "Type (Give / Take)",
              "on_true": "op",
              "on_false": "deop"
            },
            {
              "type": "minecraft:text",
              "key": "target",
              "label": "Target",
              "max_length": 100000000,
              "multiline": {}
            }
          ],
          "actions": [
            {
              "label": "Set OP",
              "action": {
                "type": "minecraft:dynamic/run_command",
                "template": "/$(act) $(target)"
              }
            }
          ]
        }
      }
    }
  ],
  "can_close_with_escape": true
}