{
  "type": "minecraft:dialog_list",
  "title": "Tüm Menüler",
  "body": {
    "type": "minecraft:plain_message",
    "contents": "Tüm Menüler Burada Birleşti"
  },
  "can_close_with_escape": true,
  "pause": true,
  "columns": 1,
  "button_width": 347,
  "dialogs": [
    "guis:admin",
    "custom:run",
    "admin:gui",
    "actions:gui",
    "custom:lp/main",
    "gulce_adminpower_addons:config",
    "minecraft:custom_options",
    "minecraft:quick_actions",
    "minecraft:server_links"
  ]
}