{
  "type": "minecraft:multi_action",
  "title": {
    "text": "GULCE - Admin V2",
    "color": "dark_purple",
    "bold": true
  },
  "body": {
    "type": "minecraft:plain_message",
    "contents": "Admin V2: moderation tools."
  },
  "actions": [
    {
      "label": "Inspect Player"
    },
    {
      "label": "Ban",
      "action": {
        "type": "minecraft:show_dialog",
        "dialog": {
          "type": "minecraft:multi_action",
          "title": "Ban",
          "inputs": [
            {
              "type": "minecraft:text",
              "key": "p",
              "label": "Player"
            },
            {
              "type": "minecraft:text",
              "key": "resmon",
              "label": "Resmon",
              "initial": "60"
            }
          ],
          "actions": [
            {
              "label": "Ban",
              "action": {
                "type": "minecraft:dynamic/run_command",
                "template": "/function flins:admin/ban {\"player\":\"$(p)\",\"resmon\":\"$(resmon)\"}"
              }
            }
          ]
        }
      }
    }
  ]
}