{
  "type": "minecraft:multi_action",
  "title": "Oyuncu Yönetim",
  "inputs": [
    {
      "type": "minecraft:text",
      "key": "Target",
      "label": "Hedef Oyuncu",
      "max_length": 5000000
    },
    {
      "type": "minecraft:single_option",
      "key": "a",
      "label": "Beyaz Liste Modu",
      "options": [
        {
          "id": "add",
          "display": "Açık"
        },
        {
          "id": "remove",
          "display": "Kapalı"
        }
      ]
    },
    {
      "type": "minecraft:text",
      "key": "mode",
      "label": "Mod",
      "max_length": 50000000
    }
  ],
  "can_close_with_escape": true,
  "pause": false,
  "after_action": "none",
  "actions": [
    {
      "label": "OP Ver",
      "action": {
        "type": "minecraft:dynamic/run_command",
        "template": "/op $(Target)"
      }
    },
    {
      "label": "DEOP Ver",
      "action": {
        "type": "minecraft:dynamic/run_command",
        "template": "/deop $(Target)"
      }
    },
    {
      "label": "Beyaz Liste Modunu Ayarla",
      "action": {
        "type": "minecraft:dynamic/run_command",
        "template": "/whitelist $(a) $(Target)"
      }
    },
    {
      "label": "At",
      "action": {
        "type": "minecraft:dynamic/run_command",
        "template": "/kick $(Target)"
      }
    },
    {
      "label": "Modu Değiştir",
      "action": {
        "type": "minecraft:dynamic/run_command",
        "template": "/gamemode $(mode) $(Target)"
      }
    }
  ]
}